,Serial Number,Roll_Num,Uni_ID,Student Name,AML3201,CSL2301,CSL3307,CSL4207,CSL4208,CSL4305,CSL4318,CSL4336,CSL5210,CSP2301,ECL3311,GEW1601,GEW1603,GEW1604,GEW1605,GEW1607,GEW1608,GEW1609,GEW1610,GEW1611,GEW1613,HUL2401,HUL3301,AMP1201,CSP1307,CSP2210,ECP1311,Total_%age
0,1,10123411,20012001,AAA AAA1,-1,81.82,-1,91.55,87.72,-1,83.33,76.74,-1,88.89,-1,-1,-1,-1,-1,-1,-1,-1,-1,-1,-1,-1,-1,-1,-1,-1,-1,83.87
1,2,10123412,20012002,AAA AAA2,93.33,90,-1,77.19,86.21,-1,-1,-1,86.67,87.1,-1,-1,-1,-1,-1,-1,-1,-1,-1,100,-1,-1,-1,86.67,-1,81.97,-1,85.56
3,4,10123414,20012004,AAA AAA4,-1,78.79,-1,81.69,85.96,-1,86.67,86.05,-1,85.19,-1,-1,-1,-1,-1,-1,-1,-1,-1,-1,-1,-1,-1,-1,-1,-1,-1,84.79
4,5,10123415,20012005,AAA AAA5,-1,78.79,-1,85.92,82.46,-1,93.33,81.4,-1,81.48,-1,-1,-1,-1,-1,-1,-1,-1,-1,-1,-1,-1,-1,-1,-1,-1,-1,84.56
5,6,10123416,20012006,AAA AAA6,84.44,83.33,-1,75.44,86.21,-1,-1,-1,80,87.1,-1,-1,-1,-1,-1,-1,-1,-1,-1,100,-1,-1,-1,86.67,-1,77.05,-1,82.22
8,9,10123419,20012009,AAA AAA9,84.44,86.67,-1,75.44,82.76,-1,-1,-1,86.67,87.1,-1,-1,-1,-1,100,-1,-1,-1,-1,-1,-1,-1,-1,80,-1,77.05,-1,82
11,12,10123422,20012012,AAA AAA12,88.89,80,-1,80.7,82.76,-1,-1,-1,86.67,90.32,-1,-1,-1,-1,-1,-1,-1,-1,-1,100,-1,-1,-1,93.33,-1,86.89,-1,86.67
12,13,10123423,20012013,AAA AAA13,86.67,80,-1,75.44,79.31,-1,-1,-1,80,83.87,-1,-1,-1,-1,100,-1,-1,-1,-1,-1,-1,-1,-1,86.67,-1,75.41,-1,80.44
14,15,10123425,20012015,AAA AAA15,93.33,96.67,-1,87.72,89.66,-1,-1,-1,100,90.32,-1,-1,-1,-1,-1,-1,-1,-1,100,-1,-1,-1,-1,86.67,-1,86.89,-1,90.44
15,16,10123426,20012016,AAA AAA16,-1,81.82,-1,80.28,77.19,-1,76.67,76.74,-1,79.63,-1,-1,-1,-1,-1,-1,-1,-1,-1,-1,-1,-1,-1,-1,-1,-1,-1,78.11
16,17,10123427,20012017,AAA AAA17,-1,90.91,-1,100,91.23,-1,100,83.72,-1,94.44,-1,-1,-1,-1,-1,-1,-1,-1,-1,-1,-1,-1,-1,-1,-1,-1,-1,92.63
17,18,10123428,20012018,AAA AAA18,-1,78.79,-1,88.73,78.95,-1,83.33,81.4,-1,81.48,-1,-1,-1,-1,-1,-1,-1,-1,-1,-1,-1,-1,-1,-1,-1,-1,-1,82.49
18,19,10123429,20012019,AAA AAA19,100,93.33,-1,94.74,94.83,-1,-1,-1,93.33,96.77,-1,-1,-1,-1,100,-1,-1,-1,-1,-1,-1,-1,-1,100,-1,96.72,-1,96.44
20,21,10123431,20012021,AAA AAA21,86.67,80,-1,78.95,82.76,-1,-1,-1,86.67,80.65,-1,-1,-1,-1,100,-1,-1,-1,-1,-1,-1,-1,-1,86.67,-1,80.33,-1,82.67
24,25,10123435,20012025,AAA AAA25,86.67,76.67,-1,75.44,81.03,-1,-1,-1,76.67,79.03,-1,-1,-1,-1,-1,-1,-1,-1,-1,100,-1,-1,-1,86.67,-1,75.41,-1,79.56
26,27,10123437,20012027,AAA AAA27,75.56,83.33,-1,77.19,75.86,-1,-1,-1,80,77.42,-1,-1,100,-1,-1,-1,-1,-1,-1,-1,-1,-1,-1,86.67,-1,78.69,-1,79.33
27,28,10123438,20012028,AAA AAA28,75.56,76.67,-1,75.44,75.86,-1,-1,-1,80,77.42,-1,-1,100,-1,-1,-1,-1,-1,-1,-1,-1,-1,-1,83.33,-1,75.41,-1,77.56
32,33,10123443,20012033,AAA AAA33,86.67,93.33,-1,89.09,85.71,-1,-1,-1,93.75,89.29,-1,-1,-1,-1,-1,-1,100,-1,-1,-1,-1,-1,-1,86.67,-1,81.36,-1,87.21
33,34,10123444,20012034,AAA AAA34,82.22,80,-1,78.18,89.29,-1,-1,-1,75,85.71,-1,-1,-1,-1,-1,-1,-1,-1,87.5,-1,-1,-1,-1,93.33,-1,76.27,-1,81.74
34,35,10123445,20012035,AAA AAA35,84.44,83.33,-1,76.36,85.71,-1,-1,-1,75,82.14,-1,-1,-1,-1,-1,-1,-1,-1,100,-1,-1,-1,-1,86.67,-1,79.66,-1,81.96
36,37,10123447,20012037,AAA AAA37,80,76.67,-1,80,82.14,-1,-1,-1,81.25,87.5,-1,-1,-1,100,-1,-1,-1,-1,-1,-1,-1,-1,-1,86.67,-1,76.27,-1,81.28
37,38,10123448,20012038,AAA AAA38,-1,78.79,-1,88.73,84.21,-1,96.67,83.72,-1,81.48,-1,-1,-1,-1,-1,-1,-1,-1,-1,-1,-1,-1,-1,-1,-1,-1,-1,86.64
39,40,10123450,20012040,AAA AAA40,80,83.33,-1,81.82,80.36,-1,-1,-1,81.25,82.14,-1,-1,-1,-1,100,-1,-1,-1,-1,-1,-1,-1,-1,80,-1,79.66,-1,81.51
41,42,10123452,20012042,AAA AAA42,88.89,83.33,-1,83.64,85.71,-1,-1,-1,90.63,91.07,-1,-1,-1,-1,-1,-1,-1,-1,-1,100,-1,-1,-1,93.33,-1,79.66,-1,86.07
42,43,10123453,20012043,AAA AAA43,-1,78.79,-1,87.32,82.46,-1,96.67,83.72,-1,85.19,-1,-1,-1,-1,-1,-1,-1,-1,-1,-1,-1,-1,-1,-1,-1,-1,-1,86.64
43,44,10123454,20012044,AAA AAA44,75.56,83.33,-1,76.36,75,-1,-1,-1,81.25,78.57,-1,-1,-1,-1,-1,-1,-1,100,-1,-1,-1,-1,-1,80,-1,76.27,-1,78.31
45,46,10123456,20012046,AAA AAA46,-1,75.76,-1,84.51,84.21,-1,93.33,79.07,-1,81.48,-1,-1,-1,-1,-1,-1,-1,-1,-1,-1,-1,-1,-1,-1,-1,-1,-1,83.64
46,47,10123457,20012047,AAA AAA47,77.78,76.67,-1,81.82,82.14,-1,-1,-1,93.75,82.14,-1,-1,-1,-1,100,-1,-1,-1,-1,-1,-1,-1,-1,93.33,-1,80.51,-1,83.11
47,48,10123458,20012048,AAA AAA48,80,83.33,-1,87.27,82.14,-1,-1,-1,93.75,83.93,-1,-1,-1,-1,-1,-1,-1,-1,100,-1,-1,-1,-1,86.67,-1,79.66,-1,84.02
48,49,10123459,20012049,AAA AAA49,75.56,76.67,-1,76.36,78.57,-1,-1,-1,81.25,78.57,-1,-1,-1,-1,-1,-1,-1,100,-1,-1,-1,-1,-1,80,-1,75.42,-1,78.08
49,50,10123460,20012050,AAA AAA50,77.78,86.67,-1,76.36,89.29,-1,-1,-1,87.5,96.43,-1,-1,-1,-1,-1,-1,75,-1,-1,-1,-1,-1,-1,80,-1,75.42,-1,82.19
50,51,10123461,20012051,AAA AAA51,91.11,96.67,-1,87.27,91.07,-1,-1,-1,87.5,100,-1,-1,-1,-1,-1,-1,100,-1,-1,-1,-1,-1,-1,80,-1,89.83,-1,91.1
51,52,10123462,20012052,AAA AAA52,84.44,80,-1,76.36,80.36,-1,-1,-1,87.5,85.71,-1,-1,-1,-1,100,-1,-1,-1,-1,-1,-1,-1,-1,86.67,-1,78.81,-1,82.19
55,56,10123466,20012056,AAA AAA56,82.22,83.33,-1,76.36,87.5,-1,-1,-1,75,89.29,-1,-1,-1,-1,-1,-1,87.5,-1,-1,-1,-1,-1,-1,93.33,-1,79.66,-1,82.88
56,57,10123467,20012057,AAA AAA57,91.11,86.67,-1,85.45,94.64,-1,-1,-1,93.75,94.64,-1,-1,-1,-1,100,-1,-1,-1,-1,-1,-1,-1,-1,86.67,-1,89.83,-1,90.87
57,58,10123468,20012058,AAA AAA58,82.22,80,-1,78.18,87.5,-1,-1,-1,75,80.36,-1,-1,-1,-1,100,-1,-1,-1,-1,-1,-1,-1,-1,86.67,-1,77.12,-1,81.05
58,59,10123469,20012059,AAA AAA59,77.78,83.33,-1,89.09,89.29,-1,-1,-1,87.5,83.93,-1,-1,87.5,-1,-1,-1,-1,-1,-1,-1,-1,-1,-1,80,-1,79.66,-1,83.56
59,60,10123470,20012060,AAA AAA60,84.44,86.67,-1,78.18,83.93,-1,-1,-1,81.25,94.64,-1,-1,-1,-1,-1,-1,100,-1,-1,-1,-1,-1,-1,80,-1,77.97,-1,83.33
60,61,10123471,20012061,AAA AAA61,88.89,96.67,-1,85.45,89.29,-1,-1,-1,87.5,100,-1,-1,-1,-1,-1,-1,100,-1,-1,-1,-1,-1,-1,80,-1,86.44,-1,89.5
61,62,10123472,20012062,AAA AAA62,91.11,96.67,-1,83.64,92.86,-1,-1,-1,87.5,100,-1,-1,-1,-1,-1,-1,100,-1,-1,-1,-1,-1,-1,86.67,-1,88.14,-1,90.87
63,64,10123474,20012064,AAA AAA64,84.44,93.33,-1,78.18,80.36,-1,-1,-1,87.5,92.86,-1,-1,-1,-1,-1,-1,-1,-1,-1,100,-1,-1,-1,86.67,-1,77.97,-1,84.02
64,65,10123475,20012065,AAA AAA65,81.82,75,-1,83.61,78.69,-1,-1,-1,92.86,86.67,-1,-1,-1,100,-1,-1,-1,-1,-1,-1,-1,-1,-1,82.76,-1,85.25,-1,84.19
65,66,10123476,20012066,AAA AAA66,-1,81.82,-1,81.69,87.72,-1,90,81.4,-1,81.48,-1,-1,-1,-1,-1,-1,-1,-1,-1,-1,-1,-1,-1,-1,-1,-1,-1,84.1
67,68,10123478,20012068,AAA AAA68,-1,96.97,-1,100,98.25,-1,100,93.02,-1,96.3,-1,-1,-1,-1,-1,-1,-1,-1,-1,-1,-1,-1,-1,-1,-1,-1,-1,97
69,70,10123480,20012070,AAA AAA70,75,78.57,-1,78.69,77.05,-1,-1,-1,85.71,76.67,-1,-1,-1,-1,100,-1,-1,-1,-1,-1,-1,-1,-1,82.76,-1,78.69,-1,79.29
70,71,10123481,20012071,AAA AAA71,-1,75.76,-1,85.92,89.47,-1,100,81.4,-1,84.62,-1,-1,-1,-1,-1,-1,-1,-1,-1,-1,-1,-1,-1,-1,-1,-1,-1,87.04
72,73,10123483,20012073,AAA AAA73,88.64,89.29,-1,81.97,81.97,-1,-1,-1,85.71,86.67,-1,100,-1,-1,-1,-1,-1,-1,-1,-1,-1,-1,-1,82.76,-1,90.16,-1,86.86
73,74,10123484,20012074,AAA AAA74,81.82,75,-1,80.33,80.33,-1,-1,-1,85.71,83.33,-1,-1,100,-1,-1,-1,-1,-1,-1,-1,-1,-1,-1,82.76,-1,86.89,-1,83.52
74,75,10123485,20012075,AAA AAA75,81.82,85.71,-1,95.08,86.89,-1,-1,-1,85.71,93.33,-1,100,-1,-1,-1,-1,-1,-1,-1,-1,-1,-1,-1,82.76,-1,95.08,-1,90.65
76,77,10123487,20012077,AAA AAA77,-1,78.79,-1,83.1,89.47,-1,96.43,76.74,-1,88.46,-1,-1,-1,-1,-1,-1,-1,-1,-1,-1,-1,-1,-1,-1,-1,-1,-1,84.98
78,79,10123489,20012079,AAA AAA79,-1,78.79,-1,90.14,89.47,-1,100,86.05,-1,84.62,-1,-1,-1,-1,-1,-1,-1,-1,-1,-1,-1,-1,-1,-1,-1,-1,-1,89.35
82,83,10123493,20012083,AAA AAA83,77.27,82.14,-1,78.69,81.97,-1,-1,-1,92.86,76.67,-1,-1,-1,-1,100,-1,-1,-1,-1,-1,-1,-1,-1,82.76,-1,78.69,-1,80.85
85,86,10123496,20012086,AAA AAA86,-1,81.82,-1,84.51,89.47,-1,93.1,83.72,-1,80.77,-1,-1,-1,-1,-1,-1,-1,-1,-1,-1,-1,-1,-1,-1,-1,-1,-1,86.01
87,88,10123498,20012088,AAA AAA88,-1,81.82,-1,87.32,89.47,-1,90,83.72,-1,100,-1,-1,-1,-1,-1,-1,-1,-1,-1,-1,-1,-1,-1,-1,-1,-1,-1,88.19
88,89,10123499,20012089,AAA AAA89,79.55,82.14,-1,80.33,78.69,-1,-1,-1,85.71,76.67,-1,-1,100,-1,-1,-1,-1,-1,-1,-1,-1,-1,-1,82.76,-1,85.25,-1,82.18
89,90,10123500,20012090,AAA AAA90,81.82,78.57,-1,83.61,81.97,-1,-1,-1,85.71,83.33,-1,-1,-1,-1,-1,-1,-1,-1,100,-1,-1,-1,-1,89.66,-1,88.52,-1,85.3
90,91,10123501,20012091,AAA AAA91,77.27,75,-1,75.41,77.05,-1,-1,-1,85.71,76.67,-1,-1,100,-1,-1,-1,-1,-1,-1,-1,-1,-1,-1,89.66,-1,80.33,-1,79.73
91,92,10123502,20012092,AAA AAA92,75,78.57,-1,77.05,81.97,-1,-1,-1,85.71,80,-1,100,-1,-1,-1,-1,-1,-1,-1,-1,-1,-1,-1,82.76,-1,80.33,-1,80.62
93,94,10123504,20012094,AAA AAA94,100,92.86,-1,98.36,98.36,-1,-1,-1,92.86,96.67,-1,-1,-1,100,-1,-1,-1,-1,-1,-1,-1,-1,-1,93.1,-1,98.36,-1,97.33
94,95,10123505,20012095,AAA AAA95,-1,78.79,-1,88.73,89.47,-1,100,88.37,-1,92.31,-1,-1,-1,-1,-1,-1,-1,-1,-1,-1,-1,-1,-1,-1,-1,-1,-1,90.74
95,96,10123506,20012096,AAA AAA96,79.55,85.71,-1,85.25,81.97,-1,-1,-1,85.71,83.33,-1,100,-1,-1,-1,-1,-1,-1,-1,-1,-1,-1,-1,82.76,-1,90.16,-1,85.75
97,98,10123508,20012098,AAA AAA98,88.64,78.57,-1,78.69,83.61,-1,-1,-1,85.71,83.33,-1,-1,100,-1,-1,-1,-1,-1,-1,-1,-1,-1,-1,89.66,-1,86.89,-1,85.08
104,105,10123515,20012105,AAA AAA105,88.64,78.57,-1,83.61,83.33,-1,-1,-1,86.67,83.33,-1,-1,100,-1,-1,-1,-1,-1,-1,-1,-1,-1,-1,80,-1,85.25,-1,84.7
105,106,10123516,20012106,AAA AAA106,88.64,82.14,-1,85.25,86.67,-1,-1,-1,93.33,86.67,-1,-1,100,-1,-1,-1,-1,-1,-1,-1,-1,-1,-1,86.67,-1,91.8,-1,88.69
106,107,10123517,20012107,AAA AAA107,88.64,85.71,-1,80.33,83.33,-1,-1,-1,100,93.33,-1,-1,-1,-1,-1,100,-1,-1,-1,-1,-1,-1,-1,80,-1,81.97,-1,86.03
107,108,10123518,20012108,AAA AAA108,100,96.43,-1,100,96.67,-1,-1,-1,100,93.33,-1,-1,-1,100,-1,-1,-1,-1,-1,-1,-1,-1,-1,93.33,-1,100,-1,98
109,110,10123520,20012110,AAA AAA110,86.36,78.57,-1,86.89,86.67,-1,-1,-1,100,88.33,-1,-1,-1,100,-1,-1,-1,-1,-1,-1,-1,-1,-1,93.33,-1,88.52,-1,88.69
110,111,10123521,20012111,AAA AAA111,100,92.86,-1,96.72,95,-1,-1,-1,93.33,96.67,-1,-1,-1,100,-1,-1,-1,-1,-1,-1,-1,-1,-1,93.33,-1,96.72,-1,96.23
111,112,10123522,20012112,AAA AAA112,86.36,89.29,-1,88.52,81.67,-1,-1,-1,93.33,90,-1,-1,-1,100,-1,-1,-1,-1,-1,-1,-1,-1,-1,80,-1,90.16,-1,88.25
112,113,10123523,20012113,AAA AAA113,86.36,78.57,-1,81.97,80,-1,-1,-1,86.67,90,-1,-1,-1,-1,-1,-1,-1,-1,100,-1,-1,-1,-1,86.67,-1,80.33,-1,83.81
113,114,10123524,20012114,AAA AAA114,81.82,89.29,-1,80.33,78.33,-1,-1,-1,86.67,93.33,-1,-1,-1,100,-1,-1,-1,-1,-1,-1,-1,-1,-1,86.67,-1,85.25,-1,85.37
114,115,10123525,20012115,AAA AAA115,88.64,85.71,-1,75.41,75,-1,-1,-1,100,93.33,-1,-1,-1,-1,-1,-1,100,-1,-1,-1,-1,-1,-1,80,-1,81.97,-1,84.26
117,118,10123528,20012118,AAA AAA118,-1,78.79,-1,88.73,87.72,-1,100,88.37,-1,84.62,-1,-1,-1,-1,-1,-1,-1,-1,-1,-1,-1,-1,-1,-1,-1,-1,-1,89.58
118,119,10123529,20012119,AAA AAA119,84.09,82.14,-1,77.05,78.33,-1,-1,-1,80,90,-1,100,-1,-1,-1,-1,-1,-1,-1,-1,-1,-1,-1,80,-1,78.69,-1,81.6
119,120,10123530,20012120,AAA AAA120,88.64,82.14,-1,81.97,90,-1,-1,-1,86.67,83.33,-1,-1,-1,-1,-1,-1,-1,-1,100,-1,-1,-1,-1,80,-1,85.25,-1,85.59
120,121,10123531,20012121,AAA AAA121,81.82,78.57,-1,81.97,81.67,-1,-1,-1,86.67,86.67,-1,-1,-1,100,-1,-1,-1,-1,-1,-1,-1,-1,-1,80,-1,86.89,-1,84.48
121,122,10123532,20012122,AAA AAA122,93.18,85.71,-1,88.52,86.67,-1,-1,-1,100,93.33,-1,-1,-1,-1,-1,-1,-1,-1,100,-1,-1,-1,-1,86.67,-1,93.44,-1,91.57
122,123,10123533,20012123,AAA AAA123,-1,78.79,-1,84.51,80.7,-1,96.67,93.02,-1,88.46,-1,-1,-1,-1,-1,-1,-1,-1,-1,-1,-1,-1,-1,-1,-1,-1,-1,89.12
123,124,10123534,20012124,AAA AAA124,-1,75.76,-1,85.92,80.7,-1,96.67,79.07,-1,84.62,-1,-1,-1,-1,-1,-1,-1,-1,-1,-1,-1,-1,-1,-1,-1,-1,-1,84.49
126,127,10123537,20012127,AAA AAA127,77.27,82.14,-1,78.69,76.67,-1,-1,-1,80,83.33,-1,100,-1,-1,-1,-1,-1,-1,-1,-1,-1,-1,-1,80,-1,83.61,-1,81.37
127,128,10123538,20012128,AAA AAA128,75,76.67,-1,75.86,75.41,-1,-1,-1,80,80.65,-1,-1,-1,-1,-1,75,-1,-1,-1,-1,-1,-1,-1,80,-1,75.41,-1,76.82
128,129,10123539,20012129,AAA AAA129,77.27,78.57,-1,75.41,76.67,-1,-1,-1,80,80,-1,-1,-1,-1,-1,100,-1,-1,-1,-1,-1,-1,-1,80,-1,81.97,-1,79.82
129,130,10123540,20012130,AAA AAA130,81.82,82.14,-1,78.69,80,-1,-1,-1,86.67,86.67,-1,100,-1,-1,-1,-1,-1,-1,-1,-1,-1,-1,-1,86.67,-1,85.25,-1,84.04
131,132,10123542,20012132,AAA AAA132,77.27,83.33,-1,81.03,78.69,-1,-1,-1,86.67,80.65,-1,100,-1,-1,-1,-1,-1,-1,-1,-1,-1,-1,-1,93.33,-1,80.33,-1,82.12
132,133,10123543,20012133,AAA AAA133,77.27,86.67,-1,81.03,81.97,-1,-1,-1,100,87.1,-1,-1,-1,-1,-1,-1,-1,100,-1,-1,-1,-1,-1,93.33,-1,81.97,-1,84.99
133,134,10123544,20012134,AAA AAA134,77.27,76.67,-1,79.31,75.41,-1,-1,-1,80,80.65,-1,-1,-1,-1,-1,100,-1,-1,-1,-1,-1,-1,-1,86.67,-1,78.69,-1,79.69
135,136,10123546,20012136,AAA AAA136,79.55,86.67,-1,84.48,78.69,-1,-1,-1,86.67,83.87,-1,-1,100,-1,-1,-1,-1,-1,-1,-1,-1,-1,-1,93.33,-1,80.33,-1,83.44
138,139,10123549,20012139,AAA AAA139,77.27,80,-1,79.31,75.41,-1,-1,-1,86.67,80.65,-1,-1,-1,-1,-1,-1,-1,-1,-1,-1,100,-1,-1,86.67,-1,81.97,-1,81.24
150,151,10123561,20012151,AAA AAA151,84.09,80,-1,77.59,75.41,-1,-1,-1,93.33,87.1,-1,100,-1,-1,-1,-1,-1,-1,-1,-1,-1,-1,-1,80,-1,78.69,-1,81.68
151,152,10123562,20012152,AAA AAA152,79.55,80,-1,79.31,75.41,-1,-1,-1,86.67,85.48,-1,100,-1,-1,-1,-1,-1,-1,-1,-1,-1,-1,-1,80,-1,80.33,-1,81.24
152,153,10123563,20012153,AAA AAA153,86.36,83.33,-1,82.76,78.69,-1,-1,-1,100,87.1,-1,-1,-1,-1,-1,100,-1,-1,-1,-1,-1,-1,-1,93.33,-1,83.61,-1,85.87
155,156,10123566,20012156,AAA AAA156,79.55,90,-1,84.48,80.33,-1,-1,-1,93.33,87.1,-1,-1,-1,-1,-1,-1,-1,-1,100,-1,-1,-1,-1,86.67,-1,81.97,-1,84.77
157,158,10123568,20012158,AAA AAA158,86.36,83.33,-1,89.66,81.97,-1,-1,-1,93.33,83.87,-1,-1,-1,-1,-1,-1,-1,100,-1,-1,-1,-1,-1,80,-1,85.25,-1,85.87
159,160,10123570,20012160,AAA AAA160,84.09,83.33,-1,86.21,81.97,-1,-1,-1,93.33,88.71,-1,-1,-1,-1,-1,-1,-1,-1,100,-1,-1,-1,-1,100,-1,90.16,-1,88.52
160,161,10123571,20012161,AAA AAA161,84.09,86.67,-1,86.21,80.33,-1,-1,-1,100,83.87,-1,-1,-1,-1,-1,-1,-1,100,-1,-1,-1,-1,-1,80,-1,81.97,-1,84.77
162,163,10123573,20012163,AAA AAA163,77.27,76.67,-1,77.59,81.97,-1,-1,-1,86.67,85.48,-1,-1,-1,-1,-1,-1,-1,100,-1,-1,-1,-1,-1,86.67,-1,81.97,-1,82.34
163,164,10123574,20012164,AAA AAA164,79.55,86.67,-1,81.03,81.97,-1,-1,-1,100,85.48,-1,-1,-1,-1,-1,-1,-1,100,-1,-1,-1,-1,-1,100,-1,85.25,-1,86.31
169,170,10123580,20012170,AAA AAA170,79.55,80,-1,83.33,75.41,-1,-1,-1,80,77.78,-1,-1,-1,-1,-1,-1,-1,-1,-1,93.75,-1,-1,-1,80,-1,78.69,-1,79.64
170,171,10123581,20012171,AAA AAA171,86.36,80,-1,85,77.05,-1,-1,-1,86.67,88.89,-1,100,-1,-1,-1,-1,-1,-1,-1,-1,-1,-1,-1,80,-1,80.33,-1,83.22
171,172,10123582,20012172,AAA AAA172,90.91,86.67,-1,81.67,80.33,-1,-1,-1,100,88.89,-1,-1,-1,-1,-1,-1,-1,-1,100,-1,-1,-1,-1,86.67,-1,85.25,-1,86.8
172,173,10123583,20012173,AAA AAA173,93.18,83.33,-1,91.67,78.69,-1,-1,-1,86.67,88.89,-1,-1,100,-1,-1,-1,-1,-1,-1,-1,-1,-1,-1,93.33,-1,86.89,-1,87.92
174,175,10123585,20012175,AAA AAA175,97.73,80,-1,83.33,80.33,-1,-1,-1,80,85.19,-1,-1,100,-1,-1,-1,-1,-1,-1,-1,-1,-1,-1,93.33,-1,85.25,-1,85.91
176,177,10123587,20012177,AAA AAA177,79.55,83.33,-1,76.67,77.05,-1,-1,-1,86.67,85.19,-1,-1,-1,-1,-1,-1,-1,87.5,-1,-1,-1,-1,-1,80,-1,78.69,-1,80.31
179,180,10123590,20012180,AAA AAA180,81.82,76.67,-1,86.67,75.41,-1,-1,-1,93.33,77.78,-1,-1,-1,-1,-1,-1,-1,100,-1,-1,-1,-1,-1,100,-1,80.33,-1,83
180,181,10123591,20012181,AAA AAA181,84.09,100,-1,86.67,81.97,-1,-1,-1,86.67,81.48,-1,-1,-1,-1,-1,-1,-1,-1,-1,100,-1,-1,-1,86.67,-1,83.61,-1,85.68
181,182,10123592,20012182,AAA AAA182,79.55,76.67,-1,83.33,77.05,-1,-1,-1,86.67,83.33,-1,-1,100,-1,-1,-1,-1,-1,-1,-1,-1,-1,-1,86.67,-1,80.33,-1,81.88
185,186,10123596,20012186,AAA AAA186,84.09,86.67,-1,80,75.41,-1,-1,-1,80,77.78,-1,100,-1,-1,-1,-1,-1,-1,-1,-1,-1,-1,-1,80,-1,80.33,-1,80.76
190,191,10123601,20012191,AAA AAA191,93.18,96.67,-1,91.67,85.25,-1,-1,-1,93.33,92.59,-1,-1,-1,-1,-1,-1,100,-1,-1,-1,-1,-1,-1,100,-1,93.44,-1,92.84
193,194,10123604,20012194,AAA AAA194,77.27,80,-1,88.33,75.41,-1,-1,-1,80,81.48,-1,-1,-1,-1,-1,-1,-1,100,-1,-1,-1,-1,-1,93.33,-1,80.33,-1,82.1
194,195,10123605,20012195,AAA AAA195,90.91,86.67,-1,90,78.69,-1,-1,-1,86.67,88.89,-1,-1,-1,100,-1,-1,-1,-1,-1,-1,-1,-1,-1,100,-1,86.89,-1,88.14
195,196,10123606,20012196,AAA AAA196,77.27,80,-1,85,78.69,-1,-1,-1,86.67,85.19,-1,-1,-1,-1,-1,-1,-1,100,-1,-1,-1,-1,-1,100,-1,81.97,-1,83.89
196,197,10123607,20012197,AAA AAA197,95.45,90,-1,93.33,88.52,-1,-1,-1,100,96.3,-1,-1,-1,-1,100,-1,-1,-1,-1,-1,-1,-1,-1,100,-1,91.8,-1,93.74
199,200,10123610,20012200,AAA AAA200,75,80,-1,83.33,75.41,-1,-1,-1,80,77.78,-1,-1,-1,-1,100,-1,-1,-1,-1,-1,-1,-1,-1,86.67,-1,83.61,-1,81.21
200,201,10123611,20012201,AAA AAA201,89.13,89.29,-1,85.96,79.03,-1,-1,-1,93.33,90.91,-1,-1,-1,-1,-1,-1,-1,-1,100,-1,-1,-1,-1,93.33,-1,93.22,-1,89.59
201,202,10123612,20012202,AAA AAA202,84.78,92.86,-1,92.98,87.1,-1,-1,-1,93.33,87.27,-1,-1,-1,-1,-1,100,-1,-1,-1,-1,-1,-1,-1,93.33,-1,91.53,-1,90.5
202,203,10123613,20012203,AAA AAA203,95.45,100,-1,95,91.8,-1,-1,-1,100,96.3,-1,-1,-1,-1,100,-1,-1,-1,-1,-1,-1,-1,-1,100,-1,91.8,-1,95.08
204,205,10123615,20012205,AAA AAA205,78.26,78.57,-1,77.19,80.65,-1,-1,-1,86.67,83.64,-1,-1,-1,-1,-1,-1,-1,-1,100,-1,-1,-1,-1,93.33,-1,79.66,-1,81.9
205,206,10123616,20012206,AAA AAA206,76.09,82.14,-1,80.7,77.42,-1,-1,-1,86.67,80,-1,-1,75,-1,-1,-1,-1,-1,-1,-1,-1,-1,-1,80,-1,76.27,-1,78.73
206,207,10123617,20012207,AAA AAA207,80.43,85.71,-1,84.21,75.81,-1,-1,-1,86.67,76.36,-1,-1,-1,-1,-1,100,-1,-1,-1,-1,-1,-1,-1,93.33,-1,82.2,-1,82.58
207,208,10123618,20012208,AAA AAA208,78.26,85.71,-1,82.46,79.03,-1,-1,-1,86.67,83.64,-1,-1,-1,-1,-1,-1,-1,100,-1,-1,-1,-1,-1,93.33,-1,81.36,-1,83.26
208,209,10123619,20012209,AAA AAA209,84.78,92.86,-1,91.23,88.71,-1,-1,-1,93.33,87.27,-1,-1,-1,-1,-1,-1,-1,-1,-1,-1,100,-1,-1,100,-1,86.44,-1,89.59
210,211,10123621,20012211,AAA AAA211,80.43,89.29,-1,87.72,80.65,-1,-1,-1,86.67,80,-1,100,-1,-1,-1,-1,-1,-1,-1,-1,-1,-1,-1,93.33,-1,84.75,-1,85.07
211,212,10123622,20012212,AAA AAA212,82.61,82.14,-1,82.46,79.03,-1,-1,-1,86.67,80,-1,-1,-1,-1,-1,100,-1,-1,-1,-1,-1,-1,-1,86.67,-1,81.36,-1,82.58
212,213,10123623,20012213,AAA AAA213,78.26,82.14,-1,77.19,75.81,-1,-1,-1,93.33,76.36,-1,-1,-1,-1,-1,100,-1,-1,-1,-1,-1,-1,-1,86.67,-1,75.42,-1,79.41
213,214,10123624,20012214,AAA AAA214,82.61,89.29,-1,84.21,83.87,-1,-1,-1,86.67,83.64,-1,87.5,-1,-1,-1,-1,-1,-1,-1,-1,-1,-1,-1,86.67,-1,81.36,-1,83.94
214,215,10123625,20012215,AAA AAA215,76.09,85.71,-1,80.7,79.03,-1,-1,-1,80,80,-1,-1,-1,-1,-1,-1,-1,-1,100,-1,-1,-1,-1,80,-1,79.66,-1,80.54
216,217,10123627,20012217,AAA AAA217,80.43,82.14,-1,84.21,80.65,-1,-1,-1,93.33,80,-1,-1,-1,-1,-1,100,-1,-1,-1,-1,-1,-1,-1,93.33,-1,76.27,-1,82.35
218,219,10123629,20012219,AAA AAA219,80.43,92.86,-1,85.96,82.26,-1,-1,-1,86.67,80,-1,-1,-1,-1,-1,-1,-1,-1,100,-1,-1,-1,-1,86.67,-1,88.14,-1,85.75
219,220,10123630,20012220,AAA AAA220,89.13,85.71,-1,92.98,80.65,-1,-1,-1,93.33,90.91,-1,-1,-1,100,-1,-1,-1,-1,-1,-1,-1,-1,-1,80,-1,93.22,-1,89.59
220,221,10123631,20012221,AAA AAA221,76.09,82.14,-1,78.95,77.42,-1,-1,-1,86.67,83.64,-1,-1,-1,-1,-1,-1,-1,87.5,-1,-1,-1,-1,-1,80,-1,83.05,-1,81.22
221,222,10123632,20012222,AAA AAA222,76.09,82.14,-1,80.7,79.03,-1,-1,-1,80,80,-1,-1,-1,-1,-1,-1,-1,-1,100,-1,-1,-1,-1,80,-1,76.27,-1,79.41
224,225,10123635,20012225,AAA AAA225,80.43,85.71,-1,85.96,77.42,-1,-1,-1,80,80,-1,-1,100,-1,-1,-1,-1,-1,-1,-1,-1,-1,-1,86.67,-1,84.75,-1,83.26
226,227,10123637,20012227,AAA AAA227,78.26,85.71,-1,80.7,82.26,-1,-1,-1,80,80,-1,-1,-1,100,-1,-1,-1,-1,-1,-1,-1,-1,-1,80,-1,77.97,-1,80.77
228,229,10123639,20012229,AAA AAA229,76.09,82.14,-1,85.96,79.03,-1,-1,-1,93.33,83.64,-1,-1,-1,-1,-1,-1,-1,100,-1,-1,-1,-1,-1,93.33,-1,81.36,-1,83.71
229,230,10123640,20012230,AAA AAA230,84.78,78.57,-1,92.98,87.1,-1,-1,-1,100,83.64,-1,100,-1,-1,-1,-1,-1,-1,-1,-1,-1,-1,-1,93.33,-1,77.97,-1,85.97
230,231,10123641,20012231,AAA AAA231,76.09,82.14,-1,78.95,79.03,-1,-1,-1,86.67,83.64,-1,-1,75,-1,-1,-1,-1,-1,-1,-1,-1,-1,-1,86.67,-1,77.97,-1,80.09
232,233,10123643,20012233,AAA AAA233,82.61,85.71,-1,82.46,83.87,-1,-1,-1,93.33,83.64,-1,-1,-1,-1,-1,100,-1,-1,-1,-1,-1,-1,-1,93.33,-1,77.97,-1,83.94
233,234,10123644,20012234,AAA AAA234,76.09,82.14,-1,84.21,77.42,-1,-1,-1,86.67,80,-1,-1,-1,-1,-1,-1,-1,75,-1,-1,-1,-1,-1,80,-1,76.27,-1,79.19
234,235,10123645,20012235,AAA AAA235,78.26,89.29,-1,89.47,88.52,-1,-1,-1,84.62,80.65,-1,-1,-1,-1,-1,100,-1,-1,-1,-1,-1,-1,-1,80,-1,83.05,-1,84.68
235,236,10123646,20012236,AAA AAA236,76.09,82.14,-1,80.7,78.69,-1,-1,-1,84.62,77.42,-1,-1,-1,-1,-1,-1,-1,100,-1,-1,-1,-1,-1,80,-1,77.97,-1,79.73
236,237,10123647,20012237,AAA AAA237,76.09,82.14,-1,91.23,86.89,-1,-1,-1,84.62,83.87,-1,-1,-1,-1,-1,100,-1,-1,-1,-1,-1,-1,-1,76.67,-1,86.44,-1,85.14
238,239,10123649,20012239,AAA AAA239,-1,75.76,-1,83.33,78.95,-1,80,76.74,-1,78.57,-1,-1,-1,-1,-1,-1,-1,-1,-1,-1,-1,-1,-1,-1,-1,-1,-1,78.89
239,240,10123650,20012240,AAA AAA240,-1,90.91,-1,77.5,92.98,-1,96.67,95.35,-1,92.86,-1,-1,-1,-1,-1,-1,-1,-1,-1,-1,-1,-1,-1,-1,-1,-1,-1,91.46
240,241,10123651,20012241,AAA AAA241,80.43,78.57,-1,78.95,78.69,-1,-1,-1,84.62,80.65,-1,-1,-1,-1,-1,-1,-1,100,-1,-1,-1,-1,-1,80,-1,79.66,-1,80.63
241,242,10123652,20012242,AAA AAA242,89.13,89.29,-1,92.98,91.8,-1,-1,-1,84.62,87.1,-1,-1,-1,-1,-1,-1,-1,100,-1,-1,-1,-1,-1,93.33,-1,98.31,-1,92.57
244,245,10123655,20012245,AAA AAA245,80.43,85.71,-1,91.23,81.97,-1,-1,-1,76.92,87.1,-1,-1,-1,100,-1,-1,-1,-1,-1,-1,-1,-1,-1,86.67,-1,83.05,-1,84.91
245,246,10123656,20012246,AAA AAA246,82.61,89.29,-1,89.47,86.89,-1,-1,-1,92.31,83.87,-1,-1,-1,-1,-1,-1,100,-1,-1,-1,-1,-1,-1,86.67,-1,83.05,-1,86.26
246,247,10123657,20012247,AAA AAA247,95.65,100,-1,96.49,100,-1,-1,-1,100,96.77,-1,-1,-1,-1,-1,-1,-1,-1,-1,-1,100,-1,-1,86.67,-1,96.61,-1,96.85
247,248,10123658,20012248,AAA AAA248,82.61,89.29,-1,89.47,86.89,-1,-1,-1,92.31,93.55,-1,-1,-1,-1,100,-1,-1,-1,-1,-1,-1,-1,-1,86.67,-1,89.83,-1,89.41
248,249,10123659,20012249,AAA AAA249,80.43,82.14,-1,84.21,81.97,-1,-1,-1,84.62,83.87,-1,-1,-1,100,-1,-1,-1,-1,-1,-1,-1,-1,-1,86.67,-1,86.44,-1,84.68
249,250,10123660,20012250,AAA AAA250,78.26,78.57,-1,85.96,77.05,-1,-1,-1,76.92,80.65,-1,-1,-1,-1,-1,-1,100,-1,-1,-1,-1,-1,-1,80,-1,84.75,-1,81.98
250,251,10123661,20012251,AAA AAA251,86.96,78.57,-1,91.23,77.05,-1,-1,-1,76.92,90.32,-1,-1,-1,-1,100,-1,-1,-1,-1,-1,-1,-1,-1,80,-1,83.05,-1,84.46
251,252,10123662,20012252,AAA AAA252,76.09,85.71,-1,85.96,80.33,-1,-1,-1,84.62,77.42,-1,-1,-1,-1,-1,-1,-1,100,-1,-1,-1,-1,-1,80,-1,79.66,-1,81.31
253,254,10123664,20012254,AAA AAA254,76.09,85.71,-1,85.96,80.33,-1,-1,-1,84.62,80.65,-1,-1,-1,-1,-1,-1,-1,100,-1,-1,-1,-1,-1,80,-1,83.05,-1,82.66
254,255,10123665,20012255,AAA AAA255,76.09,82.14,-1,75.44,77.05,-1,-1,-1,84.62,77.42,-1,-1,-1,-1,-1,-1,100,-1,-1,-1,-1,-1,-1,80,-1,83.05,-1,80.18
263,264,10123674,20012264,AAA AAA264,76.09,92.86,-1,92.98,81.97,-1,-1,-1,84.62,87.1,-1,-1,-1,-1,-1,-1,100,-1,-1,-1,-1,-1,-1,80,-1,86.44,-1,86.04
264,265,10123675,20012265,AAA AAA265,80.43,85.71,-1,87.72,75.41,-1,-1,-1,76.92,80.65,-1,-1,-1,-1,-1,-1,-1,-1,-1,-1,100,-1,-1,86.67,-1,88.14,-1,84.01
265,266,10123676,20012266,AAA AAA266,-1,87.88,-1,75,82.46,-1,93.33,83.72,-1,82.14,-1,-1,-1,-1,-1,-1,-1,-1,-1,-1,-1,-1,-1,-1,-1,-1,-1,84.04
266,267,10123677,20012267,AAA AAA267,82.61,78.57,-1,85.96,77.05,-1,-1,-1,92.31,83.87,-1,-1,-1,-1,-1,-1,-1,-1,-1,-1,100,-1,-1,86.67,-1,84.75,-1,84.23
268,269,10123679,20012269,AAA AAA269,78.26,89.29,-1,84.21,80.33,-1,-1,-1,84.62,87.1,-1,-1,-1,100,-1,-1,-1,-1,-1,-1,-1,-1,-1,80,-1,76.27,-1,81.98
269,270,10123680,20012270,AAA AAA270,78.26,82.14,-1,82.46,75.41,-1,-1,-1,76.92,77.42,-1,-1,-1,-1,-1,-1,87.5,-1,-1,-1,-1,-1,-1,86.67,-1,76.27,-1,78.83
270,271,10123681,20012271,AAA AAA271,80.43,75,-1,85.96,80.33,-1,-1,-1,84.62,83.87,-1,-1,-1,-1,-1,-1,100,-1,-1,-1,-1,-1,-1,80,-1,81.36,-1,82.43
272,273,10123683,20012273,AAA AAA273,85.11,83.33,-1,80,75.44,-1,-1,-1,80,80,-1,-1,-1,-1,-1,-1,100,-1,-1,-1,-1,-1,-1,80,-1,78.99,-1,80.62
273,274,10123684,20012274,AAA AAA274,76.6,80,-1,78.33,75.44,-1,-1,-1,80,83.33,-1,-1,-1,-1,-1,-1,100,-1,-1,-1,-1,-1,-1,93.33,-1,79.83,-1,80.85
274,275,10123685,20012275,AAA AAA275,97.87,100,-1,98.33,100,-1,-1,-1,100,100,-1,-1,-1,-1,-1,-1,100,-1,-1,-1,-1,-1,-1,93.33,-1,100,-1,99.11
276,277,10123687,20012277,AAA AAA277,78.72,80,-1,81.67,80.7,-1,-1,-1,80,86.67,-1,-1,100,-1,-1,-1,-1,-1,-1,-1,-1,-1,-1,86.67,-1,78.15,-1,81.74
278,279,10123689,20012279,AAA AAA279,78.72,86.67,-1,81.67,82.46,-1,-1,-1,86.67,86.67,-1,100,-1,-1,-1,-1,-1,-1,-1,-1,-1,-1,-1,86.67,-1,81.51,-1,83.74
279,280,10123690,20012280,AAA AAA280,76.6,80,-1,81.67,78.95,-1,-1,-1,80,80,-1,-1,-1,-1,-1,-1,75,-1,-1,-1,-1,-1,-1,80,-1,76.47,-1,78.62
281,282,10123692,20012282,AAA AAA282,76.6,80,-1,76.67,78.95,-1,-1,-1,80,80,-1,-1,-1,-1,-1,-1,-1,-1,100,-1,-1,-1,-1,80,-1,76.47,-1,78.84
284,285,10123695,20012285,AAA AAA285,-1,86.49,-1,85.33,96.49,-1,100,95.35,-1,96.43,-1,-1,-1,-1,-1,-1,-1,-1,-1,-1,-1,-1,-1,-1,-1,-1,-1,94.14
285,286,10123696,20012286,AAA AAA286,85.11,86.67,-1,85,87.72,-1,-1,-1,86.67,90,-1,-1,-1,-1,-1,-1,-1,100,-1,-1,-1,-1,-1,86.67,-1,83.19,-1,86.41
286,287,10123697,20012287,AAA AAA287,78.72,80,-1,76.67,75.44,-1,-1,-1,80,76.67,-1,-1,-1,-1,-1,-1,-1,-1,-1,-1,100,-1,-1,86.67,-1,76.47,-1,78.62
288,289,10123699,20012289,AAA AAA289,76.6,90,-1,81.67,78.95,-1,-1,-1,86.67,86.67,-1,-1,-1,-1,-1,-1,-1,-1,100,-1,-1,-1,-1,86.67,-1,79.83,-1,82.85
289,290,10123700,20012290,AAA AAA290,76.6,86.67,-1,83.33,78.95,-1,-1,-1,100,93.33,-1,-1,-1,100,-1,-1,-1,-1,-1,-1,-1,-1,-1,86.67,-1,77.31,-1,83.96
290,291,10123701,20012291,AAA AAA291,80.85,83.33,-1,85,82.46,-1,-1,-1,80,83.33,-1,-1,-1,-1,-1,-1,-1,-1,100,-1,-1,-1,-1,86.67,-1,79.83,-1,82.85
291,292,10123702,20012292,AAA AAA292,78.72,80,-1,80,84.21,-1,-1,-1,93.33,80,-1,-1,-1,100,-1,-1,-1,-1,-1,-1,-1,-1,-1,80,-1,78.15,-1,81.51
292,293,10123703,20012293,AAA AAA293,89.36,90,-1,90,91.23,-1,-1,-1,100,90,-1,-1,-1,-1,-1,-1,100,-1,-1,-1,-1,-1,-1,100,-1,89.92,-1,91.76
293,294,10123704,20012294,AAA AAA294,-1,78.38,-1,78.67,82.46,-1,93.33,83.72,-1,89.29,-1,-1,-1,-1,-1,-1,-1,-1,-1,-1,-1,-1,-1,-1,-1,-1,-1,84.91
294,295,10123705,20012295,AAA AAA295,80.85,83.33,-1,83.33,80.7,-1,-1,-1,80,83.33,-1,-1,-1,-1,-1,-1,-1,-1,100,-1,-1,-1,-1,80,-1,78.15,-1,81.51
295,296,10123706,20012296,AAA AAA296,82.98,86.67,-1,83.33,84.21,-1,-1,-1,80,80,-1,-1,-1,-1,-1,-1,-1,-1,100,-1,-1,-1,-1,80,-1,79.83,-1,82.41
296,297,10123707,20012297,AAA AAA297,-1,75.68,-1,76,80.7,-1,93.33,76.74,-1,78.57,-1,-1,-1,-1,-1,-1,-1,-1,-1,-1,-1,-1,-1,-1,-1,-1,-1,80.63
297,298,10123708,20012298,AAA AAA298,-1,75.68,-1,77.33,84.21,-1,96.67,83.72,-1,82.14,-1,-1,-1,-1,-1,-1,-1,-1,-1,-1,-1,-1,-1,-1,-1,-1,-1,84.46
298,299,10123709,20012299,AAA AAA299,78.72,80,-1,83.33,78.95,-1,-1,-1,86.67,80,-1,-1,-1,100,-1,-1,-1,-1,-1,-1,-1,-1,-1,80,-1,78.15,-1,80.85
302,303,10123713,20012303,AAA AAA303,76.6,83.33,-1,76.67,77.19,-1,-1,-1,86.67,80,-1,100,-1,-1,-1,-1,-1,-1,-1,-1,-1,-1,-1,80,-1,78.15,-1,79.73
303,304,10123714,20012304,AAA AAA304,87.23,90,-1,85.71,83.05,-1,-1,-1,80,81.48,-1,-1,-1,-1,-1,-1,-1,-1,100,-1,-1,-1,-1,85.71,-1,82.64,-1,84.6
304,305,10123715,20012305,AAA AAA305,80.85,80,-1,82.54,84.75,-1,-1,-1,86.67,81.48,-1,-1,-1,-1,-1,-1,100,-1,-1,-1,-1,-1,-1,85.71,-1,77.69,-1,82.14
306,307,10123717,20012307,AAA AAA307,80.85,83.33,-1,77.78,77.97,-1,-1,-1,80,85.19,-1,-1,-1,-1,100,-1,-1,-1,-1,-1,-1,-1,-1,78.57,-1,84.3,-1,82.14
307,308,10123718,20012308,AAA AAA308,80.85,80,-1,82.54,77.97,-1,-1,-1,100,88.89,-1,-1,-1,-1,-1,-1,-1,-1,-1,-1,100,-1,-1,92.86,-1,77.69,-1,83.48
309,310,10123720,20012310,AAA AAA310,-1,78.38,-1,80,91.23,-1,90,93.02,-1,92.86,-1,-1,-1,-1,-1,-1,-1,-1,-1,-1,-1,-1,-1,-1,-1,-1,-1,88.74
310,311,10123721,20012311,AAA AAA311,82.98,86.67,-1,79.37,81.36,-1,-1,-1,80,81.48,-1,-1,100,-1,-1,-1,-1,-1,-1,-1,-1,-1,-1,92.86,-1,77.69,-1,81.92
311,312,10123722,20012312,AAA AAA312,-1,91.89,-1,82.67,96.49,-1,100,95.35,-1,100,-1,-1,-1,-1,-1,-1,-1,-1,-1,-1,-1,-1,-1,-1,-1,-1,-1,94.59
312,313,10123723,20012313,AAA AAA313,78.72,80,-1,76.19,79.66,-1,-1,-1,80,77.78,-1,-1,-1,-1,-1,-1,-1,-1,100,-1,-1,-1,-1,85.71,-1,76.03,-1,79.02
313,314,10123724,20012314,AAA AAA314,82.98,86.67,-1,85.71,83.05,-1,-1,-1,80,81.48,-1,-1,-1,-1,-1,-1,-1,-1,-1,-1,100,-1,-1,92.86,-1,83.47,-1,84.6
314,315,10123725,20012315,AAA AAA315,93.62,93.33,-1,87.3,91.53,-1,-1,-1,80,88.89,-1,-1,-1,100,-1,-1,-1,-1,-1,-1,-1,-1,-1,92.86,-1,91.74,-1,90.63
315,316,10123726,20012316,AAA AAA316,80.85,80,-1,85.71,79.66,-1,-1,-1,80,81.48,-1,-1,-1,-1,-1,-1,-1,-1,-1,100,-1,-1,-1,78.57,-1,76.86,-1,80.8
316,317,10123727,20012317,AAA AAA317,93.62,93.33,-1,87.3,88.14,-1,-1,-1,93.33,92.59,-1,-1,-1,-1,-1,100,-1,-1,-1,-1,-1,-1,-1,92.86,-1,89.26,-1,90.85
317,318,10123728,20012318,AAA AAA318,76.6,80,-1,77.78,76.27,-1,-1,-1,80,81.48,-1,-1,-1,-1,-1,-1,-1,100,-1,-1,-1,-1,-1,78.57,-1,76.03,-1,78.57
318,319,10123729,20012319,AAA AAA319,85.11,93.33,-1,88.89,79.66,-1,-1,-1,86.67,81.48,-1,100,-1,-1,-1,-1,-1,-1,-1,-1,-1,-1,-1,78.57,-1,77.69,-1,83.26
321,322,10123732,20012322,AAA AAA322,78.72,83.33,-1,80.95,86.44,-1,-1,-1,93.33,85.19,-1,-1,-1,-1,-1,-1,-1,100,-1,-1,-1,-1,-1,92.86,-1,76.03,-1,83.04
322,323,10123733,20012323,AAA AAA323,76.6,76.67,-1,76.19,76.27,-1,-1,-1,80,77.78,-1,-1,-1,-1,100,-1,-1,-1,-1,-1,-1,-1,-1,78.57,-1,77.69,-1,78.13
323,324,10123734,20012324,AAA AAA324,-1,75.68,-1,80,89.47,-1,100,83.72,-1,89.29,-1,-1,-1,-1,-1,-1,-1,-1,-1,-1,-1,-1,-1,-1,-1,-1,-1,87.16
324,325,10123735,20012325,AAA AAA325,82.98,86.67,-1,84.13,77.97,-1,-1,-1,86.67,77.78,-1,-1,-1,-1,-1,-1,-1,100,-1,-1,-1,-1,-1,85.71,-1,79.34,-1,82.14
325,326,10123736,20012326,AAA AAA326,-1,78.38,-1,77.33,91.23,-1,96.67,83.72,-1,96.43,-1,-1,-1,-1,-1,-1,-1,-1,-1,-1,-1,-1,-1,-1,-1,-1,-1,87.39
326,327,10123737,20012327,AAA AAA327,85.11,90,-1,82.54,86.44,-1,-1,-1,93.33,81.48,-1,-1,-1,-1,-1,100,-1,-1,-1,-1,-1,-1,-1,92.86,-1,77.69,-1,84.38
327,328,10123738,20012328,AAA AAA328,85.11,86.67,-1,88.89,79.66,-1,-1,-1,86.67,88.89,-1,-1,-1,-1,-1,-1,-1,-1,100,-1,-1,-1,-1,92.86,-1,79.34,-1,85.04
328,329,10123739,20012329,AAA AAA329,89.36,90,-1,84.13,79.66,-1,-1,-1,93.33,88.89,-1,-1,-1,-1,-1,-1,-1,-1,-1,-1,100,-1,-1,92.86,-1,79.34,-1,85.49
329,330,10123740,20012330,AAA AAA330,78.72,86.67,-1,88.89,81.36,-1,-1,-1,86.67,81.48,-1,-1,-1,-1,-1,-1,-1,-1,100,-1,-1,-1,-1,92.86,-1,77.69,-1,83.26
330,331,10123741,20012331,AAA AAA331,78.72,76.67,-1,76.19,79.66,-1,-1,-1,86.67,88.89,-1,-1,-1,-1,-1,-1,-1,100,-1,-1,-1,-1,-1,85.71,-1,76.03,-1,80.58
331,332,10123742,20012332,AAA AAA332,80.85,90,-1,85.71,83.05,-1,-1,-1,80,92.59,-1,-1,-1,-1,-1,-1,-1,-1,100,-1,-1,-1,-1,92.86,-1,82.64,-1,85.71
332,333,10123743,20012333,AAA AAA333,78.72,93.33,-1,84.13,83.05,-1,-1,-1,93.33,92.59,-1,-1,-1,-1,-1,-1,-1,-1,-1,-1,100,-1,-1,92.86,-1,79.34,-1,85.49
335,336,10123746,20012336,AAA AAA336,-1,-1,93.33,93.22,-1,89.66,-1,-1,93.75,-1,84.48,-1,-1,-1,100,-1,-1,-1,-1,-1,-1,-1,-1,-1,87.5,93.44,93.33,91.59
336,337,10123747,20012337,AAA AAA337,-1,-1,77.78,84.75,-1,87.93,-1,-1,93.75,-1,75.86,-1,-1,-1,100,-1,-1,-1,-1,-1,-1,-1,-1,-1,87.5,77.05,93.33,83.19
337,338,10123748,20012338,AAA AAA338,85.11,86.67,-1,85.71,83.05,-1,-1,-1,80,85.19,-1,-1,75,-1,-1,-1,-1,-1,-1,-1,-1,-1,-1,85.71,-1,79.34,-1,82.81
340,341,10123751,20012341,AAA AAA341,-1,-1,77.78,88.14,-1,82.76,-1,-1,100,-1,84.48,-1,-1,-1,75,-1,-1,-1,-1,-1,-1,-1,-1,-1,87.5,90.16,93.33,87.17
350,351,10123761,20012351,AAA AAA351,-1,-1,82.22,88.14,-1,87.93,-1,-1,87.5,-1,77.59,-1,-1,-1,100,-1,-1,-1,-1,-1,-1,-1,-1,-1,87.5,81.97,93.33,85.18
351,352,10123762,20012352,AAA AAA352,-1,-1,88.89,84.75,-1,84.48,-1,-1,100,-1,86.21,-1,-1,-1,-1,100,-1,-1,-1,-1,-1,-1,-1,-1,93.75,88.52,93.33,89.16
353,354,10123764,20012354,AAA AAA354,-1,-1,77.78,91.53,-1,81.03,-1,-1,93.75,-1,81.03,-1,-1,-1,-1,-1,-1,100,-1,-1,-1,-1,-1,-1,81.25,83.61,80,84.29
355,356,10123766,20012356,AAA AAA356,-1,-1,88.89,86.44,-1,87.93,-1,-1,100,-1,87.93,-1,-1,-1,-1,100,-1,-1,-1,-1,-1,-1,-1,-1,100,90.16,100,91.37
359,360,10123770,20012360,AAA AAA360,-1,-1,82.22,79.66,-1,86.21,-1,-1,100,-1,86.21,-1,-1,-1,-1,-1,100,-1,-1,-1,-1,-1,-1,-1,93.75,88.52,86.67,87.61
360,361,10123771,20012361,AAA AAA361,-1,-1,80,79.66,-1,79.31,-1,-1,81.25,-1,75.86,-1,-1,100,-1,-1,-1,-1,-1,-1,-1,-1,-1,-1,75,78.69,86.67,79.87
362,363,10123773,20012363,AAA AAA363,-1,-1,88.89,89.83,-1,93.1,-1,-1,100,-1,89.66,-1,-1,-1,-1,-1,-1,-1,-1,100,-1,-1,-1,-1,87.5,90.16,93.33,91.37
369,370,10123780,20012370,AAA AAA370,-1,-1,82.22,83.05,-1,91.38,-1,-1,87.5,-1,82.76,-1,-1,100,-1,-1,-1,-1,-1,-1,-1,-1,-1,-1,87.5,85.25,93.33,86.5
374,375,10123785,20012375,AAA AAA375,-1,-1,80,88.52,-1,83.33,-1,-1,100,-1,81.03,-1,-1,-1,-1,-1,-1,100,-1,-1,-1,-1,-1,-1,85.71,88.33,86.67,86.83
375,376,10123786,20012376,AAA AAA376,-1,-1,84.44,91.8,-1,93.33,-1,-1,100,-1,86.21,-1,-1,-1,-1,-1,-1,-1,-1,100,-1,-1,-1,-1,92.86,83.33,93.33,89.29
377,378,10123788,20012378,AAA AAA378,-1,-1,82.22,85.25,-1,83.33,-1,-1,86.67,-1,86.21,-1,-1,-1,-1,-1,-1,-1,-1,100,-1,-1,-1,-1,92.86,78.33,93.33,84.6
380,381,10123791,20012381,AAA AAA381,-1,-1,88.89,88.52,-1,88.33,-1,-1,86.67,-1,86.21,-1,100,-1,-1,-1,-1,-1,-1,-1,-1,-1,-1,-1,85.71,83.33,93.33,87.28
381,382,10123792,20012382,AAA AAA382,-1,-1,84.44,85.25,-1,91.67,-1,-1,100,-1,84.48,100,-1,-1,-1,-1,-1,-1,-1,-1,-1,-1,-1,-1,78.57,91.67,93.33,89.29
383,384,10123794,20012384,AAA AAA384,-1,-1,84.44,80.33,-1,90,-1,-1,86.67,-1,84.48,-1,100,-1,-1,-1,-1,-1,-1,-1,-1,-1,-1,-1,78.57,85,93.33,85.71
386,387,10123797,20012387,AAA AAA387,-1,-1,84.44,80.33,-1,93.33,-1,-1,86.67,-1,81.03,-1,-1,-1,-1,-1,-1,-1,-1,100,-1,-1,-1,-1,78.57,85,86.67,85.27
387,388,10123798,20012388,AAA AAA388,-1,-1,88.89,83.61,-1,81.67,-1,-1,86.67,-1,75.86,-1,-1,-1,-1,-1,-1,100,-1,-1,-1,-1,-1,-1,85.71,81.67,80,83.04
388,389,10123799,20012389,AAA AAA389,-1,-1,77.78,83.61,-1,80,-1,-1,86.67,-1,84.48,-1,-1,-1,100,-1,-1,-1,-1,-1,-1,-1,-1,-1,85.71,83.33,80,83.26
391,392,10123802,20012392,AAA AAA392,-1,-1,80,88.52,-1,86.67,-1,-1,100,-1,84.48,-1,-1,-1,-1,-1,-1,100,-1,-1,-1,-1,-1,-1,78.57,93.33,80,88.17
394,395,10123805,20012395,AAA AAA395,-1,-1,77.78,77.05,-1,81.67,-1,-1,86.67,-1,81.03,-1,-1,-1,-1,100,-1,-1,-1,-1,-1,-1,-1,-1,85.71,75,93.33,80.8
405,406,10123816,20012406,AAA AAA406,-1,-1,80,77.05,-1,78.33,-1,-1,80,-1,77.59,-1,-1,-1,-1,-1,-1,100,-1,-1,-1,-1,-1,-1,85.71,80,83.33,80.36
407,408,10123818,20012408,AAA AAA408,-1,-1,82.22,75.86,-1,78.95,-1,-1,81.25,-1,76.09,-1,-1,-1,-1,-1,-1,-1,100,-1,-1,-1,-1,-1,80,87.5,84.62,82.33
408,409,10123819,20012409,AAA AAA409,-1,90.32,-1,87.69,90,100,87.1,95.12,-1,93.55,-1,-1,-1,-1,-1,-1,-1,-1,-1,-1,-1,-1,-1,-1,-1,-1,-1,91.24
409,410,10123820,20012410,AAA AAA410,-1,-1,88.89,86.21,-1,91.23,-1,-1,90.63,-1,82.61,-1,-1,100,-1,-1,-1,-1,-1,-1,-1,-1,-1,-1,86.67,83.33,100,87.67
410,411,10123821,20012411,AAA AAA411,-1,-1,75.56,77.59,-1,87.72,-1,-1,87.5,-1,78.26,100,-1,-1,-1,-1,-1,-1,-1,-1,-1,-1,-1,-1,100,80,76.92,82.56
411,412,10123822,20012412,AAA AAA412,-1,-1,86.67,75.86,-1,84.21,-1,-1,93.75,-1,84.78,-1,-1,-1,-1,100,-1,-1,-1,-1,-1,-1,-1,-1,86.67,75.83,84.62,82.56
412,413,10123823,20012413,AAA AAA413,-1,-1,80,79.31,-1,84.21,-1,-1,84.38,-1,82.61,100,-1,-1,-1,-1,-1,-1,-1,-1,-1,-1,-1,-1,86.67,81.67,84.62,83.02
413,414,10123824,20012414,AAA AAA414,-1,-1,77.78,75.86,-1,80.7,-1,-1,84.38,-1,80.43,-1,-1,-1,-1,-1,-1,-1,-1,100,-1,-1,-1,-1,93.33,78.33,76.92,80.7
414,415,10123825,20012415,AAA AAA415,-1,-1,75.56,77.59,-1,85.96,-1,-1,81.25,-1,78.26,-1,-1,100,-1,-1,-1,-1,-1,-1,-1,-1,-1,-1,80,75,76.92,79.07
415,416,10123826,20012416,AAA AAA416,-1,-1,84.44,82.76,-1,85.96,-1,-1,93.75,-1,91.3,100,-1,-1,-1,-1,-1,-1,-1,-1,-1,-1,-1,-1,93.33,81.67,92.31,86.74
418,419,10123829,20012419,AAA AAA419,-1,-1,75.56,75.86,-1,84.21,-1,-1,90.63,-1,76.09,-1,-1,100,-1,-1,-1,-1,-1,-1,-1,-1,-1,-1,80,75,76.92,79.07
420,421,10123831,20012421,AAA AAA421,-1,-1,82.22,79.31,-1,94.74,-1,-1,100,-1,89.13,-1,-1,-1,-1,-1,100,-1,-1,-1,-1,-1,-1,-1,93.33,80,84.62,86.51
422,423,10123833,20012423,AAA AAA423,-1,-1,82.22,77.59,-1,85.96,-1,-1,84.38,-1,82.61,-1,-1,-1,100,-1,-1,-1,-1,-1,-1,-1,-1,-1,86.67,78.33,92.31,82.79
423,424,10123834,20012424,AAA AAA424,-1,-1,80,81.03,-1,89.47,-1,-1,100,-1,89.13,-1,-1,-1,-1,-1,100,-1,-1,-1,-1,-1,-1,-1,100,81.67,100,87.67
424,425,10123835,20012425,AAA AAA425,-1,-1,86.67,81.03,-1,82.46,-1,-1,90.63,-1,84.78,-1,-1,-1,-1,100,-1,-1,-1,-1,-1,-1,-1,-1,80,86.67,92.31,85.81
425,426,10123836,20012426,AAA AAA426,-1,-1,80,75.86,-1,85.96,-1,-1,90.63,-1,82.61,-1,-1,-1,-1,-1,-1,100,-1,-1,-1,-1,-1,-1,93.33,76.67,84.62,82.33
426,427,10123837,20012427,AAA AAA427,-1,-1,82.22,81.03,-1,94.74,-1,-1,96.88,-1,86.96,-1,-1,-1,-1,-1,100,-1,-1,-1,-1,-1,-1,-1,100,86.67,84.62,88.6
428,429,10123839,20012429,AAA AAA429,-1,-1,84.44,81.03,-1,87.72,-1,-1,84.38,-1,84.78,-1,-1,-1,100,-1,-1,-1,-1,-1,-1,-1,-1,-1,86.67,81.67,100,85.35
429,430,10123840,20012430,AAA AAA430,-1,77.42,-1,81.54,76.67,100,90.32,82.93,-1,79.03,-1,-1,-1,-1,-1,-1,-1,-1,-1,-1,-1,-1,-1,-1,-1,-1,-1,82.92
431,432,10123842,20012432,AAA AAA432,-1,87.1,-1,87.69,85,100,93.55,92.68,-1,83.87,-1,-1,-1,-1,-1,-1,-1,-1,-1,-1,-1,-1,-1,-1,-1,-1,-1,89.66
433,434,10123844,20012434,AAA AAA434,-1,-1,84.44,81.03,-1,85.96,-1,-1,84.38,-1,84.78,-1,-1,100,-1,-1,-1,-1,-1,-1,-1,-1,-1,-1,86.67,80,92.31,84.19
436,437,10123847,20012437,AAA AAA437,-1,77.42,-1,87.69,81.67,100,90.32,95.12,-1,80.65,-1,-1,-1,-1,-1,-1,-1,-1,-1,-1,-1,-1,-1,-1,-1,-1,-1,88.09
438,439,10123849,20012439,AAA AAA439,-1,-1,86.67,84.48,-1,91.23,-1,-1,87.5,-1,93.48,100,-1,-1,-1,-1,-1,-1,-1,-1,-1,-1,-1,-1,93.33,85,76.92,87.67
439,440,10123850,20012440,AAA AAA440,-1,-1,75.56,75.86,-1,80.7,-1,-1,78.13,-1,76.09,100,-1,-1,-1,-1,-1,-1,-1,-1,-1,-1,-1,-1,80,75,76.92,77.67
441,442,10123852,20012442,AAA AAA442,-1,-1,77.78,77.97,-1,80.33,-1,-1,80,-1,80,-1,-1,-1,-1,100,-1,-1,-1,-1,-1,-1,-1,-1,87.5,76.67,91.67,80.55
447,448,10123858,20012448,AAA AAA448,-1,-1,86.67,83.05,-1,85.25,-1,-1,86.67,-1,94,100,-1,-1,-1,-1,-1,-1,-1,-1,-1,-1,-1,-1,100,86.67,100,89.02
448,449,10123859,20012449,AAA AAA449,-1,-1,84.44,81.36,-1,86.89,-1,-1,93.33,-1,90,-1,-1,-1,-1,100,-1,-1,-1,-1,-1,-1,-1,-1,93.75,86.67,83.33,87.41
457,458,10123868,20012458,AAA AAA458,-1,83.87,-1,86.15,88.33,75,83.87,95.12,-1,77.42,-1,-1,-1,-1,-1,-1,-1,-1,-1,-1,-1,-1,-1,-1,-1,-1,-1,86.88
465,466,10123876,20012466,AAA AAA466,-1,96.77,-1,98.46,96.67,100,90.32,95.12,-1,90.32,-1,-1,-1,-1,-1,-1,-1,-1,-1,-1,-1,-1,-1,-1,-1,-1,-1,94.34
466,467,10123877,20012467,AAA AAA467,-1,-1,84.44,76.27,-1,83.61,-1,-1,86.67,-1,82,-1,-1,-1,-1,-1,100,-1,-1,-1,-1,-1,-1,-1,93.75,81.67,83.33,83.52
467,468,10123878,20012468,AAA AAA468,-1,-1,80,77.97,-1,83.61,-1,-1,86.67,-1,86,-1,-1,-1,100,-1,-1,-1,-1,-1,-1,-1,-1,-1,93.75,81.67,100,84.67
468,469,10123879,20012469,AAA AAA469,-1,-1,77.78,79.66,-1,88.52,-1,-1,86.67,-1,80,-1,-1,-1,100,-1,-1,-1,-1,-1,-1,-1,-1,-1,93.75,81.67,91.67,84.21
469,470,10123880,20012470,AAA AAA470,-1,-1,93.33,86.44,-1,85.25,-1,-1,93.33,-1,90,-1,-1,-1,-1,-1,100,-1,-1,-1,-1,-1,-1,-1,93.75,90,100,90.62
473,474,10123884,20012474,AAA AAA474,-1,-1,79.55,81.36,-1,76.27,-1,-1,75,-1,77.05,-1,-1,-1,-1,100,-1,-1,-1,-1,-1,-1,-1,-1,78.57,76.27,93.33,79.42
490,491,10123901,20012491,AAA AAA491,-1,-1,88.64,84.75,-1,81.36,-1,-1,78.13,-1,83.61,100,-1,-1,-1,-1,-1,-1,-1,-1,-1,-1,-1,-1,92.86,85.59,86.67,85.46
491,492,10123902,20012492,AAA AAA492,-1,-1,95.45,93.22,-1,88.14,-1,-1,87.5,-1,90.16,100,-1,-1,-1,-1,-1,-1,-1,-1,-1,-1,-1,-1,85.71,93.22,100,92.17
492,493,10123903,20012493,AAA AAA493,-1,-1,86.36,76.27,-1,76.27,-1,-1,81.25,-1,75.41,-1,-1,-1,-1,-1,-1,-1,100,-1,-1,-1,-1,-1,78.57,80.51,86.67,80.31
493,494,10123904,20012494,AAA AAA494,-1,-1,84.09,84.75,-1,81.36,-1,-1,81.25,-1,78.69,-1,-1,-1,100,-1,-1,-1,-1,-1,-1,-1,-1,-1,78.57,79.66,93.33,82.55
494,495,10123905,20012495,AAA AAA495,-1,-1,86.36,88.14,-1,76.27,-1,-1,78.13,-1,75.41,75,-1,-1,-1,-1,-1,-1,-1,-1,-1,-1,-1,-1,78.57,82.2,86.67,81.21
496,497,10123907,20012497,AAA AAA497,-1,-1,88.64,81.36,-1,77.97,-1,-1,87.5,-1,80.33,-1,-1,100,-1,-1,-1,-1,-1,-1,-1,-1,-1,-1,85.71,86.44,93.33,85.01
497,498,10123908,20012498,AAA AAA498,-1,-1,77.27,77.97,-1,76.27,-1,-1,81.25,-1,75.41,-1,-1,-1,-1,100,-1,-1,-1,-1,-1,-1,-1,-1,78.57,77.97,80,78.52
500,501,10123911,20012501,AAA AAA501,-1,-1,84.09,77.97,-1,81.36,-1,-1,78.13,-1,83.61,100,-1,-1,-1,-1,-1,-1,-1,-1,-1,-1,-1,-1,78.57,77.97,93.33,81.66
501,502,10123912,20012502,AAA AAA502,-1,-1,84.09,79.66,-1,76.27,-1,-1,87.5,-1,83.61,-1,-1,-1,100,-1,-1,-1,-1,-1,-1,-1,-1,-1,78.57,81.36,93.33,82.77
503,504,10123914,20012504,AAA AAA504,-1,-1,84.09,81.36,-1,83.05,-1,-1,81.25,-1,78.69,-1,-1,-1,100,-1,-1,-1,-1,-1,-1,-1,-1,-1,78.57,77.97,100,82.33
504,505,10123915,20012505,AAA AAA505,-1,-1,88.64,83.05,-1,85,-1,-1,83.33,-1,83.33,-1,100,-1,-1,-1,-1,-1,-1,-1,-1,-1,-1,-1,86.67,86.21,87.5,85.94
506,507,10123917,20012507,AAA AAA507,-1,-1,93.18,83.05,-1,80,-1,-1,83.33,-1,76.67,-1,-1,-1,-1,-1,100,-1,-1,-1,-1,-1,-1,-1,86.67,86.21,87.5,84.81
507,508,10123918,20012508,AAA AAA508,-1,-1,86.36,77.97,-1,81.67,-1,-1,83.33,-1,76.67,-1,-1,-1,-1,-1,-1,-1,-1,-1,100,-1,-1,-1,86.67,82.76,81.25,82.31
513,514,10123924,20012514,AAA AAA514,-1,-1,75,86.44,-1,81.67,-1,-1,75,-1,81.67,100,-1,-1,-1,-1,-1,-1,-1,-1,-1,-1,-1,-1,80,77.59,87.5,81.18
518,519,10123929,20012519,AAA AAA519,-1,-1,84.09,83.05,-1,85,-1,-1,83.33,-1,76.67,-1,-1,-1,-1,100,-1,-1,-1,-1,-1,-1,-1,-1,86.67,82.76,87.5,83.67
519,520,10123930,20012520,AAA AAA520,-1,-1,86.36,88.14,-1,91.67,-1,-1,83.33,-1,80,100,-1,-1,-1,-1,-1,-1,-1,-1,-1,-1,-1,-1,86.67,86.21,93.75,87.3
520,521,10123931,20012521,AAA AAA521,-1,-1,86.36,84.75,-1,76.67,-1,-1,83.33,-1,75,-1,-1,-1,-1,-1,-1,-1,100,-1,-1,-1,-1,-1,93.33,79.31,87.5,82.31
524,525,10123935,20012525,AAA AAA525,-1,-1,88.64,88.14,-1,83.33,-1,-1,75,-1,85,-1,-1,100,-1,-1,-1,-1,-1,-1,-1,-1,-1,-1,80,91.38,87.5,87.07
527,528,10123938,20012528,AAA AAA528,-1,-1,77.27,86.44,-1,80,-1,-1,83.33,-1,75,-1,-1,-1,-1,-1,100,-1,-1,-1,-1,-1,-1,-1,80,86.21,75,82.09
530,531,10123941,20012531,AAA AAA531,-1,-1,84.09,89.83,-1,83.33,-1,-1,83.33,-1,80,-1,100,-1,-1,-1,-1,-1,-1,-1,-1,-1,-1,-1,80,86.21,87.5,85.26
532,533,10123943,20012533,AAA AAA533,-1,-1,80.95,81.97,-1,80.39,-1,-1,85.71,-1,85,-1,-1,-1,-1,-1,100,-1,-1,-1,-1,-1,-1,-1,100,85.19,87.5,85.51
543,544,10123954,20012544,AAA AAA544,-1,-1,85.71,85.25,-1,78.43,-1,-1,92.86,-1,78.33,-1,-1,-1,100,-1,-1,-1,-1,-1,-1,-1,-1,-1,93.33,77.78,78.13,82.71
544,545,10123955,20012545,AAA AAA545,-1,-1,78.57,81.97,-1,84.31,-1,-1,100,-1,83.33,-1,-1,100,-1,-1,-1,-1,-1,-1,-1,-1,-1,-1,93.33,81.48,81.25,84.58
548,549,10123959,20012549,AAA AAA549,-1,-1,78.57,81.97,-1,78.43,-1,-1,92.86,-1,76.67,-1,100,-1,-1,-1,-1,-1,-1,-1,-1,-1,-1,-1,80,75.93,75,79.67
550,551,10123961,20012551,AAA AAA551,-1,-1,76.19,77.05,-1,78.43,-1,-1,85.71,-1,75,-1,-1,-1,100,-1,-1,-1,-1,-1,-1,-1,-1,-1,86.67,83.33,75,80.37
552,553,10123963,20012553,AAA AAA553,-1,-1,83.33,85.25,-1,78.43,-1,-1,85.71,-1,81.67,-1,-1,-1,-1,-1,87.5,-1,-1,-1,-1,-1,-1,-1,93.33,85.19,93.75,85.05
555,556,10123966,20012556,AAA AAA556,-1,-1,83.33,86.67,-1,87.5,-1,-1,93.33,-1,83.61,-1,-1,-1,-1,-1,-1,-1,100,-1,-1,-1,-1,-1,78.57,78.33,96.55,84.84
570,571,10123981,20012571,AAA AAA571,-1,-1,85.71,85,-1,85.71,-1,-1,80,-1,83.61,-1,-1,-1,-1,-1,100,-1,-1,-1,-1,-1,-1,-1,78.57,86.67,82.76,85.07
571,572,10123982,20012572,AAA AAA572,-1,-1,76.19,81.67,-1,76.79,-1,-1,80,-1,77.05,-1,-1,-1,-1,-1,-1,-1,100,-1,-1,-1,-1,-1,78.57,76.67,75.86,78.51
575,576,10123986,20012576,AAA AAA576,-1,-1,76.19,76.67,-1,78.57,-1,-1,80,-1,75.41,-1,100,-1,-1,-1,-1,-1,-1,-1,-1,-1,-1,-1,78.57,76.67,75.86,77.83
578,579,10123989,20012579,AAA AAA579,-1,-1,85.71,78.33,-1,76.79,-1,-1,80,-1,85.25,-1,-1,-1,-1,-1,-1,-1,-1,100,-1,-1,-1,-1,85.71,85,82.76,83.26
579,580,10123990,20012580,AAA AAA580,-1,-1,76.19,78.33,-1,78.57,-1,-1,80,-1,75.41,-1,100,-1,-1,-1,-1,-1,-1,-1,-1,-1,-1,-1,78.57,78.33,75.86,78.51
584,585,10123995,20012585,AAA AAA585,-1,-1,76.19,93.33,-1,87.5,-1,-1,100,-1,93.44,-1,-1,-1,100,-1,-1,-1,-1,-1,-1,-1,-1,-1,85.71,83.33,96.55,88.69
593,594,10124004,20012594,AAA AAA594,-1,-1,75,78.69,-1,80.7,-1,-1,93.33,-1,76.67,-1,-1,-1,-1,-1,-1,100,-1,-1,-1,-1,-1,-1,86.67,84.13,78.57,82.08
596,597,10124007,20012597,AAA AAA597,-1,-1,75,88.52,-1,78.95,-1,-1,86.67,-1,75,-1,-1,-1,-1,-1,-1,-1,-1,100,-1,-1,-1,-1,86.67,95.24,78.57,85.62
599,600,10124010,20012600,AAA AAA600,-1,-1,75,80.33,-1,80.7,-1,-1,100,-1,78.33,-1,-1,-1,100,-1,-1,-1,-1,-1,-1,-1,-1,-1,86.67,88.89,85.71,84.73
600,601,10124011,20012601,AAA AAA601,-1,-1,79.55,78.69,-1,84.21,-1,-1,93.33,-1,80,-1,-1,-1,-1,-1,-1,100,-1,-1,-1,-1,-1,-1,93.33,80.95,92.86,83.85
607,608,10124018,20012608,AAA AAA608,-1,-1,77.27,77.05,-1,79.31,-1,-1,80,-1,75.41,-1,-1,-1,-1,-1,-1,100,-1,-1,-1,-1,-1,-1,84.62,80.95,81.25,79.96
611,612,10124022,20012612,AAA AAA612,-1,-1,77.27,83.61,-1,79.31,-1,-1,86.67,-1,78.69,-1,-1,-1,-1,-1,100,-1,-1,-1,-1,-1,-1,-1,76.92,87.3,87.5,83.48
613,614,10124024,20012614,AAA AAA614,-1,-1,88.64,86.89,-1,77.59,-1,-1,80,-1,81.97,-1,-1,-1,100,-1,-1,-1,-1,-1,-1,-1,-1,-1,84.62,90.48,81.25,85.68
615,616,10124026,20012616,AAA AAA616,-1,-1,81.82,90.16,-1,82.76,-1,-1,100,-1,81.97,-1,-1,-1,-1,-1,-1,100,-1,-1,-1,-1,-1,-1,92.31,87.3,81.25,87
616,617,10124027,20012617,AAA AAA617,-1,-1,86.36,81.97,-1,84.48,-1,-1,93.33,-1,80.33,-1,-1,-1,-1,-1,-1,-1,100,-1,-1,-1,-1,-1,92.31,90.48,81.25,86.78
620,621,10124031,20012621,AAA AAA621,-1,-1,84.09,85.25,-1,79.31,-1,-1,93.33,-1,81.97,-1,-1,-1,-1,-1,100,-1,-1,-1,-1,-1,-1,-1,92.31,87.3,87.5,86.12
623,624,10124034,20012624,AAA AAA624,-1,-1,77.27,77.05,-1,77.59,-1,-1,80,-1,77.05,-1,-1,-1,-1,-1,-1,100,-1,-1,-1,-1,-1,-1,84.62,85.71,75,80.84
625,626,10124036,20012626,AAA AAA626,-1,-1,79.55,90.16,-1,79.31,-1,-1,93.33,-1,80.33,-1,-1,-1,-1,-1,-1,100,-1,-1,-1,-1,-1,-1,92.31,87.3,87.5,86.12
628,629,10124039,20012629,AAA AAA629,-1,-1,81.82,86.89,-1,77.59,-1,-1,100,-1,78.69,-1,-1,-1,-1,-1,100,-1,-1,-1,-1,-1,-1,-1,92.31,87.3,81.25,85.46
631,632,10124042,20012632,AAA AAA632,-1,-1,77.27,77.05,-1,75.86,-1,-1,80,-1,77.05,-1,-1,-1,-1,-1,-1,100,-1,-1,-1,-1,-1,-1,84.62,82.54,81.25,80.18
634,635,10124045,20012635,AAA AAA635,-1,-1,90.91,91.8,-1,87.93,-1,-1,93.33,-1,90.16,-1,-1,-1,-1,-1,-1,-1,100,-1,-1,-1,-1,-1,92.31,90.48,93.75,91.19
638,639,10124049,20012639,AAA AAA639,76.09,82.14,-1,82.46,75.81,-1,-1,-1,86.67,80,-1,-1,-1,100,-1,-1,-1,-1,-1,-1,-1,-1,-1,80,-1,76.27,-1,79.64
639,640,10124050,20012640,AAA AAA640,-1,-1,80.65,81.08,-1,78.33,-1,-1,91.67,-1,75.47,-1,-1,-1,-1,-1,-1,-1,-1,-1,100,-1,-1,-1,100,78.1,81.82,81.72
640,641,10124051,20012641,AAA AAA641,-1,-1,82.22,88.14,-1,86.21,-1,-1,100,-1,82.76,-1,-1,-1,100,-1,-1,-1,-1,-1,-1,-1,-1,-1,87.5,85.25,93.33,87.39
642,643,10124053,20012643,AAA AAA643,76.09,78.57,-1,75.44,79.03,-1,-1,-1,80,83.64,-1,-1,-1,-1,-1,-1,-1,-1,-1,100,-1,-1,-1,93.33,-1,77.97,-1,80.32
646,647,10124057,20012647,AAA AAA647,-1,-1,83.33,85.25,-1,78.43,-1,-1,85.71,-1,75,-1,-1,-1,100,-1,-1,-1,-1,-1,-1,-1,-1,-1,80,85.19,81.25,82.71
